"질병분류코드 및 질환별(1)",질병분류코드 및 질환별(2),2021,2021,2021,2021,2021,2021,2021,2021,2021,2021,2021,2021
"질병분류코드 및 질환별(1)",질병분류코드 및 질환별(2),계,진찰료,입원료,투약료,주사료,마취료,이학요법료,정신요법료,처치 및 수술료,검사료,영상 및 방사선 치료료,기타
"계",소계,317789679,63604106,48547544,6489961,69347268,1024116,13417865,129127,22622419,46850108,4686879,41070288
"희귀질환",소계,308572698,62306518,46864613,6321592,67957685,982444,12554025,116157,21761403,45152854,4559229,39996179
"희귀질환",A81.0 크로이츠펠트-야콥병,1624857,73975,273196,29930,124240,1114,107553,20,134960,156167,7086,716615
"희귀질환",D12.6 M8220/0 가족성선종성폴립증,322142,25918,51745,3271,16059,10331,70,240,114390,52848,3312,43957
"희귀질환",D55.0 G6PD결핍빈혈,177,49,-,-,-,-,-,-,-,128,-,-
"희귀질환",D55.0 포도당-6-인산탈수소효소결핍에 의한 빈혈,25,25,-,-,-,-,-,-,-,-,-,-
"희귀질환",D55.2 피루브산염카이네이스결핍빈혈,5377,4131,87,-,-,-,-,-,-,116,-,1043
"희귀질환",D55.2 해당효소의 장애에 의한 빈혈,2463,504,44,-,1187,-,-,-,-,721,-,7
"희귀질환",D56.0 알파지중해빈혈,1300,388,18,1,71,-,-,-,-,823,-,-
"희귀질환",D56.1 베타지중해빈혈,50499,21374,9487,715,3692,-,-,27,1638,11624,289,1652
"희귀질환",D56.2 델타-베타지중해빈혈,110,66,-,-,-,-,-,-,-,44,-,-
"희귀질환",D56.3 지중해빈혈 소질,7589,5096,164,2,267,-,-,-,-,2034,-,27
"희귀질환",D56.4 태아헤모글로빈의 유전적 존속,1196,302,29,0,-,-,-,-,-,865,-,-
"희귀질환",D59.3 비정형 용혈-요독증후군,2178405,23434,64486,6084,1882522,388,338,29,95082,78625,4744,22671
"희귀질환",D59.5 발작성 야간헤모글로빈뇨,2802627,34468,82972,41494,2480324,24,455,15,31616,104227,3372,23660
"희귀질환",D60.0 만성 후천성 순수적혈구무형성,452730,126474,49903,54545,83169,254,1010,-,38085,77903,1694,19694
"희귀질환",D61.0 블랙판-다이아몬드증후군,12311,4389,383,10,-,-,4546,-,-,2354,103,525
"희귀질환",D61.0 원발성 무형성(순수)적혈구,4112,490,22,285,1221,-,-,-,60,1996,35,2
"희귀질환",D61.3 특발성 무형성빈혈,7781328,835884,926565,304310,3282063,5820,8846,536,811977,1215127,42642,347557
"희귀질환",D61.9 골수형성저하,2265692,127642,245230,145679,1150033,788,343,552,89034,359600,10933,135858
"희귀질환",D61.9 범골수황폐,221523,29994,28291,4855,84719,348,14,-,7611,42721,1573,21398
"희귀질환",D61.9 저형성빈혈 NOS,2665903,315575,310839,90809,1112860,1772,599,180,213770,533789,19201,66509
"희귀질환",D66 A형혈우병,1715212,195023,1679,137,1502198,640,594,-,3044,9027,238,2631
"희귀질환",D66 유전성 제8인자결핍,9051168,40334,20375,2210,8930141,790,3119,170,9912,32387,2391,9338
"희귀질환",D66 제8인자결핍(기능적 결함을 동반),620912,1880,11292,135,594506,-,-,-,2103,8640,1307,1049
"희귀질환",D66 혈우병 NOS,216966,4705,9019,231,177421,-,3,62,1577,7488,515,15945
"희귀질환",D67 B형혈우병,1258968,116355,146,405,1138440,-,192,-,131,2793,231,273
"희귀질환",D67 유전성 제9인자결핍,3477082,7859,2360,93,3457401,-,74,-,788,6941,606,961
"희귀질환",D68.0 폰빌레브란트병,292373,11046,13399,1197,205523,768,54,136,31466,22006,621,6159
"희귀질환",D68.1 C형혈우병,509,122,-,-,-,-,-,-,-,387,-,-
"희귀질환",D68.1 유전성 제11인자결핍,8479,2357,242,1,1090,-,-,-,218,3404,67,1099
"희귀질환",D68.2 기타 응고인자의 유전성 결핍,10553,1533,130,15,5819,-,-,85,148,1629,52,1141
"희귀질환",D68.2 이상피브리노젠혈증(선천성),23,23,-,-,-,-,-,-,-,-,-,-
"희귀질환",D68.2 제12인자[하게만]의 결핍,1282,223,44,-,-,-,-,-,-,1015,-,-
"희귀질환",D68.2 제1인자[피브리노젠]의 결핍,100107,4256,11259,708,42187,1078,84,-,15357,16501,1568,7109
"희귀질환",D68.2 제5인자[불안정]의 결핍,169,69,-,-,-,-,-,-,-,100,-,-
"희귀질환",D68.2 제7인자[안정]의 결핍,429829,1626,16,27,426444,-,-,-,-,1336,369,12
"희귀질환",D68.6 항인지질증후군,1241854,295936,180216,8735,90400,4827,76310,123,113585,262483,21273,187967
"희귀질환",D69.1 글란즈만병,2141,1896,165,-,9,-,-,-,-,70,-,-
"희귀질환",D69.1 정성적 혈소판결손,336796,70716,17914,34987,158174,493,-,-,10944,27256,3046,13267
"희귀질환",D69.1 혈소판병증,201739,42836,28211,9599,69667,479,851,16,11015,24274,1206,13585
"희귀질환",D69.3 에반스증후군,227500,27737,40554,1980,72705,60,41,14,18234,46997,2286,16892
"희귀질환",D70 무과립구증,33866,4161,10291,526,8023,-,-,-,376,8586,224,1679
"희귀질환",D70 선천성 호중구감소,4500,760,295,-,243,-,-,-,-,1263,-,1939
"희귀질환",D70 호중구감소 NOS,96810,7512,14921,529,23945,134,208,5,7879,24493,960,16224
"희귀질환",D71 만성 (소아기) 육아종성 질환,6054,3171,310,54,10,-,-,15,-,1963,80,451
"희귀질환",D71 진행성 패혈성 육아종증,9463,1105,247,4,-,-,-,-,11,6914,45,1137
"희귀질환",D76.1 가족성 혈구탐식세망증,56901,3990,12167,1153,10355,-,-,-,3772,16590,743,8130
"희귀질환",D76.1 단핵탐식세포의 조직구증,65934,2521,10061,573,18484,-,-,21,15233,11419,447,7175
"희귀질환",D76.1 혈구탐식성 림프조직구증,2674795,188127,545561,67058,664403,7931,11131,520,303069,650147,28950,207898
"희귀질환",D76.3 세망조직구종(거대세포),20162,3020,2478,162,536,820,-,-,3600,4205,657,4685
"희귀질환",D76.3 심한 림프선병증을 동반한 동조직구증,27473,4108,2663,48,472,316,4,1,1491,3608,10959,3804
"희귀질환",D80.0 X-연관무감마글로불린혈증[브루톤](성장호르몬결핍을 동반),4193,1026,72,1,1164,-,-,-,-,856,-,1073
"희귀질환",D80.0 원발성 무감마글로불린혈증,21101,1524,306,2161,2544,-,-,-,91,12900,77,1498
"희귀질환",D80.0 유전성 저감마글로불린혈증,5698,895,14,-,4301,-,-,-,36,388,35,29
"희귀질환",D80.1 공통가변성 무감마글로불린혈증,11972,1025,126,-,8455,-,-,-,24,1522,16,804
"희귀질환",D80.1 비가족성 저감마글로불린혈증,8610,2106,1687,540,1362,-,17,-,-,1883,116,900
"희귀질환",D80.1 저감마글로불린혈증 NOS,10391,723,1042,21,1996,-,-,-,2,1356,40,5212
"희귀질환",D80.2 면역글로불린A의 선택적 결핍,5450,1590,1087,27,268,-,-,-,37,2166,44,230
"희귀질환",D80.3 면역글로불린G 서브클래스의 선택적 결핍,245331,46914,51552,14750,68676,237,78,-,5840,34204,2609,20471
"희귀질환",D80.4 면역글로불린M의 선택적 결핍,12855,3262,904,-,5808,-,-,-,1,534,76,2271
"희귀질환",D80.6 거의 정상의 면역글로불린 또는 고면역글로불린혈증을 동반한 항체결핍,3674,1281,481,1492,90,-,-,-,-,255,71,3
"희귀질환",D81.2 B-세포수가 정상이거나 감소된 중증복합면역결핍,12225,685,19,803,533,5,-,-,161,9981,31,7
"희귀질환",D81.8 바이오틴-의존카복실레이스결핍,2099,844,37,10,2,-,94,-,1,1100,11,-
"희귀질환",D81.8 오멘증후군,2671,296,60,1,1046,-,-,-,-,1248,19,-
"희귀질환",D81.9 중증복합면역결핍장애 NOS,7644,501,17,5972,21,-,-,-,13,1108,11,1
"희귀질환",D82.0 비스코트-얼드리치증후군,19935,2057,148,682,3584,-,-,-,204,12757,55,448
"희귀질환",D82.0 혈소판감소 및 습진을 동반한 면역결핍,2460,66,8,-,147,-,-,-,16,2223,-,-
"희귀질환",D82.1 디죠지증후군,184243,13739,82625,1726,13913,353,2464,645,24565,31151,1836,11227
"희귀질환",D82.3 X-연관 림프증식성 질환,82,75,7,-,-,-,-,-,-,-,-,-
"희귀질환",D82.4 고면역글로불린E증후군,5512,2398,570,48,118,-,-,-,243,720,62,1355
"희귀질환",D83.0 B-세포 수 및 기능의 현저한 이상에 의한 공통 가변성 면역결핍,5240,1259,203,1,1973,-,-,-,23,1189,43,551
"희귀질환",D84.1 C1에스터레이스억제인자결핍,576691,44430,12998,532,503915,11,-,288,777,9824,481,3437
"희귀질환",D84.1 보체계통의 결손,10814,1316,316,-,7251,-,-,-,-,604,24,1303
"희귀질환",D86.0 폐의 사르코이드증,631528,148478,81531,3219,15699,3080,77,15,31395,199508,26418,122109
"희귀질환",D86.1 림프절의 사르코이드증,261199,55516,22799,548,2008,3029,1649,88,15411,70351,6178,83621
"희귀질환",D86.2 림프절의 사르코이드증을 동반한 폐의 사르코이드증,209616,50015,20044,623,3483,2740,6,244,7830,70562,6696,47374
"희귀질환",D86.3 피부의 사르코이드증,43908,12735,4586,103,416,1,122,-,1577,13581,1068,9717
"희귀질환",D86.8 기타 및 복합부위의 사르코이드증,118496,37826,12626,1524,1926,21,1078,-,4849,33363,3760,21524
"희귀질환",D86.8 사르코이드관절병증(M14.8*),26601,6860,2919,135,630,-,-,29,3159,8334,414,4121
"희귀질환",D86.8 사르코이드심근염(I41.8*),19941,3216,5493,976,539,-,3386,-,741,4168,227,1196
"희귀질환",D86.8 사르코이드증에서의 다발성 뇌신경마비(G53.2*),39081,1815,7411,471,754,-,275,-,860,2438,125,24932
"희귀질환",D86.8 사르코이드증에서의 홍채섬모체염(H22.1*),3239,1871,262,1,12,-,-,-,-,1032,42,19
"희귀질환",D89.1 한랭글로불린혈증성 혈관염,5903,81,359,-,-,-,2300,-,-,-,-,3162
"희귀질환",E22.0 말단비대증 및 뇌하수체거인증,527301,30928,19952,2206,339455,5923,32,-,32777,53372,8626,34029
"희귀질환",E22.0 성장호르몬의 과잉생산,23707,786,123,144,19540,-,-,-,521,1613,38,943
"희귀질환",E23.0 쉬한증후군,171436,37359,19547,13998,20927,197,26,-,5864,24917,1069,47532
"희귀질환",E23.0 콜만증후군,11849,4916,613,-,2435,-,-,-,-,3002,33,850
"희귀질환",E24.0 뇌하수체 부신피질자극호르몬의 과다생산,148746,21370,19932,1509,4023,5277,12,103,30777,35860,8618,21266
"희귀질환",E24.0 뇌하수체-의존 부신피질기능항진증,2042,1731,103,0,-,-,-,-,-,200,9,-
"희귀질환",E24.0 뇌하수체-의존 쿠싱병,296315,43640,67866,2147,26899,8582,151,29,54638,54439,7531,30393
"희귀질환",E24.3 이소성 부신피질자극호르몬증후군,34711,6191,6956,874,2518,1,23,50,1291,9879,1323,5605
"희귀질환",E25.0 21-수산화효소결핍,4897,1047,215,-,1684,-,81,-,-,1842,29,-
"희귀질환",E25.0 선천성 부신증식증,19730,8116,1387,310,1635,-,-,-,-,6929,162,1192
"희귀질환",E25.0 염류소실 선천성 부신증식증,1339,544,104,-,-,-,-,-,-,691,-,-
"희귀질환",E25.0 효소결핍과 관련된 선천성 부신생식기장애,28735,5574,4488,465,2757,467,-,-,2305,9578,136,2964
"희귀질환",E25.9 부신생식기증후군 NOS,2209,1327,155,-,21,-,-,-,-,680,20,5
"희귀질환",E26.8 바터증후군,2193,462,-,722,-,-,-,-,-,863,-,146
"희귀질환",E27.1 애디슨병,11905,4088,1675,153,1065,-,-,-,2,3995,193,734
"희귀질환",E27.1 원발성 부신피질부전,8232,4894,557,35,689,-,-,-,-,1951,106,-
"희귀질환",E27.2 부신발증,18925,2074,7421,335,2159,-,190,-,1337,4478,393,540
"희귀질환",E27.2 부신피질발증,337,160,30,-,-,-,-,-,-,139,9,-
"희귀질환",E27.2 애디슨발증,9991,3276,2493,239,364,-,-,-,103,2096,23,1397
"희귀질환",E27.4 부신경색증,2365,1581,74,-,350,-,-,-,-,256,48,57
"희귀질환",E27.4 부신출혈,36913,8999,6394,235,4162,443,2,-,3761,9076,371,3468
"희귀질환",E27.4 부신피질부전 NOS,1679531,348372,334413,23408,105652,4034,13875,298,107424,269335,16229,456491
"희귀질환",E27.4 저알도스테론증,7967,4253,1083,53,276,-,24,-,0,2192,67,17
"희귀질환",E34.8 조로증,2350,787,113,-,-,-,-,-,-,305,61,1083
"희귀질환",E55.0 활동성 구루병,11693,3532,565,-,-,-,1327,-,-,3028,511,2730
"희귀질환",E70.0 고전적 페닐케톤뇨증,23162,2069,73,11996,-,-,-,-,1,9024,-,-
"희귀질환",E70.1 기타 고페닐알라닌혈증,118515,15013,439,81711,18,176,1108,-,4,18414,72,1560
"희귀질환",E70.2 타이로신대사장애,191631,584,90,188551,-,-,-,-,-,2238,56,112
"희귀질환",E70.2 타이로신혈증,1486,93,-,-,-,-,-,-,-,1393,-,-
"희귀질환",E70.3 눈백색증,2978,875,92,5,-,-,-,187,-,1800,20,-
"희귀질환",E70.3 눈피부백색증,6687,1830,431,44,28,270,-,-,2369,1334,91,288
"희귀질환",E70.3 바르덴브르그 증후군 (백색증을 동반한),4900,509,5,-,-,-,1,-,-,4374,10,-
"희귀질환",E71.0 단풍시럽뇨병,3078,551,38,-,-,-,-,-,-,2488,-,1
"희귀질환",E71.1 고류신-이소류신혈증,919,132,18,0,-,-,-,-,-,752,18,-
"희귀질환",E71.1 메틸말론산혈증,5057,1601,238,16,272,-,-,-,-,2730,27,172
"희귀질환",E71.1 아이소발레린산혈증,1513,421,72,-,-,-,-,-,-,1020,-,-
"희귀질환",E71.1 프로피온산혈증,7909,869,108,861,19,-,-,-,38,5930,10,73
"희귀질환",E71.3 근육카르니틴팔미틸트란스퍼레이스결핍,4539,935,148,2,-,-,-,-,-,3444,11,-
"희귀질환",E71.3 부신백질디스트로피[애디슨-쉴더],33857,6665,843,1517,2784,634,1182,-,2084,14265,118,3766
"희귀질환",E71.3 장쇄수산화아실코에이탈수소효소결핍증(VLCAD),309,49,37,-,-,-,-,-,-,-,-,223
"희귀질환",E71.3 지방산대사장애,10779,1883,264,628,49,-,3507,-,36,4222,90,101
"희귀질환",E72.0 로베증후군,4728,1446,64,2,-,-,1242,-,289,1140,204,341
"희귀질환",E72.0 시스틴뇨증,27240,3595,1012,56,365,451,-,-,14206,3813,977,2766
"희귀질환",E72.0 시스틴증,12885,1503,772,47,147,356,-,-,6185,2527,283,1065
"희귀질환",E72.0 판코니(-드토니)(-드브레)증후군,3825,1228,344,671,26,-,-,-,-,1309,6,241
"희귀질환",E72.1 고호모시스테인혈증,23748,13365,2213,135,1060,710,-,-,2945,1669,150,1501
"희귀질환",E72.1 메타이오닌혈증,4199,434,26,-,-,-,-,-,-,3593,-,146
"희귀질환",E72.1 유황함유아미노산대사장애,6988,643,254,3083,-,-,-,-,-,2029,-,979
"희귀질환",E72.1 호모시스틴뇨,12760,2379,233,3426,41,278,-,-,4,4225,10,2163
"희귀질환",E72.2 시트룰린혈증,9279,1504,114,1,-,-,47,-,7,6668,14,925
"희귀질환",E72.2 요소회로대사장애,115218,2600,3875,92763,538,-,-,222,3269,11574,83,294
"희귀질환",E72.3 글루타르산뇨,13987,1337,205,2,-,-,1210,-,7,10750,27,449
"희귀질환",E72.4 오르니틴대사장애,59379,587,1706,46604,616,30,-,-,3511,5381,32,912
"희귀질환",E72.4 오르니틴트랜스카바미라제결핍,10411,727,-,2350,699,227,-,15,391,4987,21,993
"희귀질환",E72.5 고프롤린혈증(Ⅰ Ⅱ형),3495,112,19,0,-,-,-,-,-,2419,-,946
"희귀질환",E72.5 글라이신대사장애,8910,2101,123,210,127,-,2844,-,3007,295,105,99
"희귀질환",E74.0 글리코젠축적병,251907,2014,280,5469,235718,-,-,-,746,6193,154,1332
"희귀질환",E74.0 맥아들병,10179,2586,110,-,-,-,5627,-,-,1856,-,-
"희귀질환",E74.0 폼페병,9653,634,106,4,7855,-,-,-,-,986,66,1
"희귀질환",E74.2 갈락토스혈증,8025,1055,-,1,-,-,22,-,-,5102,47,1798
"희귀질환",E74.4 탈수소효소피루브산염의 결핍,736,348,53,0,-,-,152,-,-,184,-,-
"희귀질환",E74.4 피루브산염대사 및 포도당신합성 장애,3142,383,160,-,1864,-,-,-,26,687,22,-
"희귀질환",E74.8 옥살산뇨,714,248,19,-,-,-,-,-,-,431,15,-
"희귀질환",E75.1 GM₁-강글리오시드증,3126,908,98,292,-,-,-,-,479,789,54,504
"희귀질환",E75.2 고쉐병,839557,5063,1157,55,829769,-,-,-,372,1258,127,1757
"희귀질환",E75.2 니만-픽병,244649,305,-,-,243014,-,-,-,120,337,-,872
"희귀질환",E75.2 이염성 백질디스트로피,20,20,-,-,-,-,-,-,-,-,-,-
"희귀질환",E75.2 크라베병,121,87,34,-,-,-,-,-,-,-,-,-
"희귀질환",E75.2 파브리(-앤더슨)병,5141773,31358,57866,13623,4906579,3856,1307,-,31038,60287,3766,32092
"희귀질환",E75.2 화버증후군,256488,1290,97,1,252683,-,-,-,212,492,220,1493
"희귀질환",E75.4 바텐병,2695,1889,90,3,-,-,-,-,-,249,-,464
"희귀질환",E75.4 신경세포세로이드라이포푸스신증,324,306,18,-,-,-,-,-,-,-,-,-
"희귀질환",E75.5 대뇌건의 콜레스테롤증[밴보게르트-쉐러-엡스타인],23972,12723,3343,192,298,-,38,-,352,5180,81,1765
"희귀질환",E76.0 Ⅰ형 점액다당류증,22117,1808,18,8,19346,173,-,-,12,371,-,382
"희귀질환",E76.1 Ⅱ형 점액다당류증,602629,3235,153,35,595951,-,1989,136,99,895,20,114
"희귀질환",E76.1 헌터증후군,155260,1989,121,46,148182,-,1141,-,1565,2153,58,6
"희귀질환",E76.2 Ⅲ Ⅳ Ⅵ Ⅶ형 점액다당류증,194696,593,1621,6,192007,-,-,-,197,230,38,2
"희귀질환",E77.1 시알산증[뮤코지질증Ⅰ],624,263,5,-,-,-,-,-,-,356,-,-
"희귀질환",E79.1 레쉬-니한증후군,22027,5833,994,125,55,-,10191,-,924,2839,49,1015
"희귀질환",E80.2 급성 간헐성 (간성) 포르피린증,29736,4718,6334,361,2818,215,-,67,2055,10646,244,2278
"희귀질환",E80.2 유전성 코프로포르피린증,3286,1101,143,763,376,-,-,-,-,251,77,574
"희귀질환",E80.2 포르피린증 NOS,4021,1200,1687,35,64,-,-,-,9,980,47,-
"희귀질환",E83.0 구리대사장애,14257,3665,2191,4108,217,-,-,-,66,2356,132,1521
"희귀질환",E83.0 윌슨병,196745,31558,34361,50101,5448,2,19850,27,4513,38132,1199,11553
"희귀질환",E83.1 혈색소증,97297,67434,1730,5633,3262,3,-,-,12773,5084,20,1359
"희귀질환",E83.3 가족성 저인산혈증,4621,1343,363,47,-,-,-,-,-,2725,133,10
"희귀질환",E83.3 비타민D저항구루병,21133,8211,2403,79,261,652,-,-,3821,4045,287,1375
"희귀질환",E83.3 산성인산분해효소결핍,7088,2351,424,1720,174,-,-,59,-,1618,38,704
"희귀질환",E83.3 인대사 및 인산분해효소 장애,834,360,51,-,-,-,-,-,-,411,12,-
"희귀질환",E83.3 저인산효소증,3149,2654,173,-,-,-,-,-,-,322,-,-
"희귀질환",E84.0 폐증상을 동반한 낭성 섬유증,14082,4496,4881,185,521,-,50,-,144,3133,211,461
"희귀질환",E84.1 원위장폐쇄증후군,10874,183,1735,84,1076,-,-,-,431,370,21,6973
"희귀질환",E84.1 장증상을 동반한 낭성 섬유증,343,61,-,-,282,-,-,-,-,-,-,-
"희귀질환",E85.0 가족성 지중해열,754,410,146,-,-,-,-,-,-,198,-,-
"희귀질환",E85.1 신경병성 유전가족성 아밀로이드증,201369,103725,10783,183,3576,1,30056,-,873,3768,122,48282
"희귀질환",E85.1 아밀로이드다발신경병증(포르투갈),2285,567,117,-,-,-,-,-,-,623,20,959
"희귀질환",E85.2 상세불명의 유전가족성 아밀로이드증,102184,92928,2504,36,147,19,-,-,457,4685,845,563
"희귀질환",E85.4 국소적 아밀로이드증,465450,149430,66763,3577,85480,1327,87,209,54969,82893,6420,14292
"희귀질환",E85.4 기관한정아밀로이드증,1460778,360623,260377,74387,103987,3041,68086,226,136608,267529,25055,160859
"희귀질환",F01.1 카다실,913105,253119,156289,15922,14823,1283,124979,380,14372,46068,1702,284166
"희귀질환",F80.3 뇌전증에 동반된 후천성 실어증(失語症)[란다우-클레프너],35591,1170,284,1,23,-,-,-,1,3070,38,31005
"희귀질환",F84.2 레트증후군,62466,12143,752,359,8,-,34679,317,1344,11668,310,887
"희귀질환",G10 헌팅톤무도병,12075,7356,609,945,56,-,-,-,22,1615,-,1471
"희귀질환",G10 헌팅톤병,152735,34986,10834,9681,206,-,14098,180,112,3534,35,79068
"희귀질환",G11.1 X-연관 열성 척수소뇌성 운동실조,26935,6871,1249,19,67,-,6422,-,-,6337,59,5911
"희귀질환",G11.1 보류된 힘줄반사을(를) 동반한 조기발병 소뇌성 운동실조,491,92,-,-,-,-,-,-,-,399,-,-
"희귀질환",G11.1 본태성 떨림을(를) 동반한 조기발병 소뇌성 운동실조,6508,1725,1632,69,109,-,-,-,29,1937,18,989
"희귀질환",G11.1 조기발병 소뇌성 운동실조(발병은 보통 20세 이전),268605,32964,48311,7074,7744,6,17784,1074,1644,16611,1087,134307
"희귀질환",G11.2 만기발병 소뇌성 운동실조(발병은 보통 20세 이후),2894226,308123,586035,34562,152290,3295,387716,731,115127,417987,18036,870323
"희귀질환",G11.3 DNA복구결손을 수반한 소뇌성 운동실조,5740,2442,73,1693,-,-,-,252,-,1012,9,259
"희귀질환",G11.4 유전성 강직성 하반신마비,242115,48148,43118,5130,4716,586,69062,-,2234,28375,2825,37921
"희귀질환",G11.8 기타 유전성 운동실조,46931,4441,4027,150,23,-,1650,-,8,3352,70,33211
"희귀질환",G11.9 상세불명의 유전성 운동실조,1190662,171865,158100,10765,23358,1987,112848,809,13511,248098,5868,443453
"희귀질환",G11.9 유전성 소뇌의 변성,58729,2311,6663,20,3875,-,41,-,-,3690,413,41717
"희귀질환",G11.9 유전성 소뇌의 병,3561,500,50,-,111,-,-,-,-,2719,-,181
"희귀질환",G11.9 유전성 소뇌의 운동실조 NOS,155932,27371,9534,2850,2286,4,20085,15,34,36948,1170,55635
"희귀질환",G11.9 유전성 소뇌의 증후군,6501,1165,156,-,-,-,-,-,-,1938,10,3232
"희귀질환",G12.0 영아척수성 근위축 I형[베르드니히-호프만],521525,3482,1691,374,503160,-,7399,-,330,2847,1227,1016
"희귀질환",G12.1 기타 유전성 척수성 근위축,77947,4956,41639,1175,1143,-,25973,-,134,2551,124,252
"희귀질환",G12.1 성인형 척수성 근위축,4400,2417,208,2,40,-,1415,-,-,318,-,-
"희귀질환",G12.1 소아형 Ⅱ형 척수성 근위축,18909,2386,127,4,11,-,14930,-,-,1052,240,158
"희귀질환",G12.1 원위 척수성 근위축,2526,1177,492,18,48,-,11,-,71,429,44,237
"희귀질환",G12.2 운동신경세포병(단 기타 및 상세불명의 운동신경세포병(G12.28)은 제외),14337431,2350312,2814048,565727,790080,20649,1231613,13543,1363642,1914176,116595,3157046
"희귀질환",G12.8 기타 척수성 근위축 및 관련 증후군,398264,8244,5878,175,360293,81,5449,107,11,8193,373,9460
"희귀질환",G12.9 상세불명의 척수성 근위축,865002,5598,3404,1376,832000,5,7945,-,902,10200,945,2627
"희귀질환",G23.0 할러포르덴-스파츠병,2168,976,228,7,-,-,-,-,-,228,-,730
"희귀질환",G23.1 진행성 핵상안근마비 [스틸-리차드슨-올스제위스키],1254867,164293,232156,39662,44758,39,157532,502,52144,124955,6291,432536
"희귀질환",G31.81 아급성 괴사성 뇌병증[리이],16143,3788,198,487,8,117,7280,-,1040,2675,169,381
"희귀질환",G35 뇌간(~의) 다발경화증,38864,18490,5926,157,130,-,5175,-,209,1489,29,7259
"희귀질환",G35 다발경화증,3078148,1038307,168284,225509,981952,817,35994,341,31289,198102,5516,392039
"희귀질환",G35 다발경화증 NOS,22128,6329,1918,147,4762,-,-,-,25,5618,83,3247
"희귀질환",G35 척수(~의) 다발경화증,3911,3491,215,-,-,-,-,-,-,205,-,-
"희귀질환",G36.0 시신경척수염[데빅병],3521044,395914,835829,41093,517465,1898,406838,1591,189109,505795,23076,602437
"희귀질환",G40.4 레녹스-가스토증후군,737072,398203,32401,44341,17594,1599,69976,186,10747,74176,1891,85958
"희귀질환",G40.4 웨스트증후군,529730,174559,25414,23494,1574,1649,147268,108,8543,118761,1821,26539
"희귀질환",G41.0 긴장-간대성 뇌전증지속상태,348013,19101,112633,8929,33594,7,2180,-,42944,80863,1816,45945
"희귀질환",G41.0 대발작 뇌전증지속상태,324062,21279,83756,3055,25732,242,9082,38,36848,53423,2035,88571
"희귀질환",G41.1 소발작뇌전증지속상태,188720,9613,50017,3215,19776,41,2344,-,40562,45439,1066,16646
"희귀질환",G41.2 복합부분뇌전증지속상태,1668426,104504,401654,33411,135690,670,46638,121,244775,378555,10486,311923
"희귀질환",G41.8 기타 뇌전증지속상태,3945294,182906,953132,74605,427828,1882,122750,1868,499463,774631,31826,874403
"희귀질환",G41.9 상세불명의 뇌전증지속상태,25153421,1315347,6540831,459981,2193819,12553,823011,5619,3225123,4657611,206717,5712807
"희귀질환",G47.4 발작수면 및 허탈발작,553894,372248,41561,45185,2968,357,106,36348,534,45689,885,8012
"희귀질환",G60.0 데제린-소타스병,3492,1296,399,5,10,-,-,-,2,1098,27,654
"희귀질환",G60.0 비골근위축(축삭형 비대형),1895,564,53,-,-,-,62,-,-,895,39,282
"희귀질환",G60.0 샤르코-마리-투스질환,179060,44256,9527,522,2161,7303,8589,117,4941,42978,2377,56289
"희귀질환",G60.0 유전성 운동 및 감각 신경병증,26326,10337,1985,256,63,179,3878,82,223,5091,283,3950
"희귀질환",G60.0 유전성 운동 및 감각 신경병증 I-IV형,21709,5889,1951,40,233,-,95,-,149,5834,494,7024
"희귀질환",G61.0 길랭-바레증후군,17136125,1001223,5482142,276510,1732333,9781,2621091,3296,1263935,2198157,111066,2436590
"희귀질환",G61.0 밀러휘셔증후군,556032,47695,124185,7251,45284,438,44171,296,44439,119276,3863,119133
"희귀질환",G61.8 다초점 운동신경병증,322501,44066,37957,2371,167836,584,2972,102,6506,41507,797,17804
"희귀질환",G61.8 만성 염증성 탈수초성 다발신경병증,1287181,263606,239425,16972,263484,1124,58607,4,24809,225451,7971,185730
"희귀질환",G70.0 중증근무력증,3480846,945737,683002,37803,310711,23320,43052,698,366974,557933,27977,483639
"희귀질환",G71.0 근디스트로피,111340,23688,12257,3713,3244,789,14523,68,6754,29784,1480,15039
"희귀질환",G71.0 뒤쉔 또는 베커와 유사한 보통염색체열성 소아형 근디스트로피,1071,182,-,487,-,-,-,-,-,391,9,-
"희귀질환",G71.0 양성[베커] 근디스트로피,5831,762,581,14,116,653,40,-,2128,1116,187,236
"희귀질환",G71.0 얼굴어깨팔 근디스트로피,65359,5871,5358,227,1881,-,2815,-,61,5982,336,42828
"희귀질환",G71.0 원위성 근디스트로피,2242,1367,204,6,18,-,250,-,40,273,82,2
"희귀질환",G71.0 조기수축을 동반하는 양성 어깨종아리[에머리-드라이프스] 근디스트로피,94751,9370,13388,1940,6500,4,7595,-,1712,15939,1664,36639
"희귀질환",G71.0 중증[뒤쉔] 근디스트로피,126584,14987,26788,12092,4532,1,18888,110,13420,27693,1675,6398
"희귀질환",G71.0 지대 근디스트로피,30351,2822,6548,356,1930,296,663,-,5636,9767,376,1958
"희귀질환",G71.1 근긴장디스트로피[스타이너트],499512,42699,112461,9425,27894,773,51469,73,89263,71654,4998,88802
"희귀질환",G71.1 근긴장장애,83788,20539,6955,451,711,234,9140,-,2767,19859,438,22691
"희귀질환",G71.1 선천성 근긴장증 NOS,60454,4196,9819,478,5992,165,12492,-,6861,8368,564,11519
"희귀질환",G71.1 선천성 이상근긴장증,989,341,36,-,-,-,-,-,-,601,11,-
"희귀질환",G71.1 신경근육긴장[아이작스],4117,783,172,2463,2,-,199,-,-,427,-,70
"희귀질환",G71.1 우성[톰슨] 선천성 근긴장증,2071,679,48,2,-,-,281,-,-,1013,13,36
"희귀질환",G71.1 증상성 근긴장증,3186,1171,163,-,1,-,49,-,1097,590,11,104
"희귀질환",G71.2 네말린근병증,29150,4157,1720,457,650,885,13344,-,3102,2381,552,1902
"희귀질환",G71.2 다발심 병,1196,308,45,-,-,-,-,-,25,767,51,-
"희귀질환",G71.2 선천성 근디스트로피 NOS,40890,7091,262,90,787,-,25142,-,148,3929,342,3097
"희귀질환",G71.2 선천성 근병증,66052,4786,3391,5,4,-,13802,167,52,2434,573,40837
"희귀질환",G71.3 달리 분류되지 않은 미토콘드리아근병증,211283,30398,31820,12979,12890,291,30410,202,6217,29653,761,55661
"희귀질환",G71.3 멜라스증후군,143967,30641,26530,3914,4563,715,13551,30,9990,25423,928,27684
"희귀질환",G71.9 유전성 근병증 NOS,20211,5248,1949,56,158,2,2885,-,133,4851,131,4798
"희귀질환",G72.3 주기마비(가족성) 저칼륨혈성,3130,564,653,36,15,-,-,-,2,1545,13,301
"희귀질환",G73.1 람베르트-이튼증후군(C00-D48†),62820,5987,20481,568,6507,64,38,-,6605,13715,780,8076
"희귀질환",G90.5 복합부위통증증후군 I형,4069473,484457,942333,158752,122814,89990,966292,5614,228268,189641,43613,837698
"희귀질환",G90.6 복합부위통증증후군 II형,653635,169929,97587,33355,32150,56356,24673,1086,143884,28701,9362,56552
"희귀질환",G95.0 척수공동증 및 연수공동증,631046,90020,101755,19114,25977,23071,79057,90,68303,62476,9039,152143
"희귀질환",H18.6 원추각막,731135,292157,42073,19265,4338,11453,35,29,54942,286560,847,19436
"희귀질환",H31.2 맥락막결손,1243,625,75,1,-,-,-,-,-,542,-,-
"희귀질환",H35.0 코츠망막병증,115713,20107,3387,778,799,3543,-,17,33840,48810,220,4210
"희귀질환",H35.51 색소망막염,1000481,191973,32610,3040,10210,1579,259,348,65321,442473,578,252089
"희귀질환",H35.58 스타르가르트병,25276,4826,412,21,34,-,-,-,263,11878,86,7755
"희귀질환",H35.59 레베르 선천성 흑암시,4767,1245,17,7,-,-,751,-,6,1627,21,1093
"희귀질환",H35.59 상세불명의 유전성 망막디스트로피,76962,12675,1227,101,1788,-,527,-,3692,34198,49,22706
"희귀질환",I27.0 원발성 폐동맥고혈압,4296932,2408258,321047,222354,451002,3057,8270,904,254623,410356,72240,144819
"희귀질환",I27.8 아이젠멘거복합,101325,76201,4282,5931,4181,-,316,-,778,7256,836,1544
"희귀질환",I27.8 아이젠멘거증후군,549343,269127,11830,50087,172943,-,-,-,3459,25144,9178,7576
"희귀질환",I42.0 비가역적 확장성 심근병증,14126766,5173385,2220785,232930,410728,14360,141488,2440,825206,2644659,661620,1799166
"희귀질환",I42.1 비대성 대동맥판하협착,22876,6236,5999,227,1079,-,-,-,1203,4307,2011,1815
"희귀질환",I42.1 폐색성 비대성 심근병증,748555,293775,88711,4988,14881,18,2392,28,32405,176327,36244,98785
"희귀질환",I42.20 비폐색성 비대성 심근병증,2964165,1141483,424962,20423,62001,2658,90263,543,89292,500646,89272,542623
"희귀질환",I42.3 심내막심근(호산구성)병,1930,1357,138,-,-,-,-,-,-,336,13,85
"희귀질환",I42.4 선천성 심근병증,16549,3280,399,65,6618,-,-,-,141,4820,304,923
"희귀질환",I42.4 심내막탄력섬유증,2374,935,102,-,-,-,-,-,7,726,55,550
"희귀질환",I49.82 긴QT증후군,272946,37576,89278,6159,16308,6,23347,118,26957,55730,2193,15272
"희귀질환",I67.5 모야모야병,14986293,1769960,2982808,217269,419938,34416,2617154,2524,583283,1233278,1047352,4078312
"희귀질환",I73.1 폐색혈전혈관염[버거병],2308103,304052,468113,49429,240867,30322,22656,289,640536,153578,121741,276520
"희귀질환",I78.0 랑뒤-오슬러-웨버병,7954,1682,117,-,3,-,-,-,-,1415,-,4737
"희귀질환",I78.0 유전성 출혈성 모세혈관확장증,62716,3927,11411,237,5501,522,34,-,5639,8986,395,26064
"희귀질환",I82.0 버드-키아리증후군,234177,29775,37288,3142,23334,1700,99,101,54764,47446,14592,21935
"희귀질환",J84.0 폐포단백질증,155330,14948,29689,687,7708,6782,159,-,21448,43539,2818,27550
"희귀질환",J84.1 특발성 폐섬유증,30269794,16180722,3545418,772474,1320430,67063,88003,2716,2010289,3580223,328965,2373490
"희귀질환",K50.0 소장의 크론병,6329080,1121016,512382,37163,3038570,28053,1387,490,318291,765706,44962,461061
"희귀질환",K50.1 대장의 크론병,3209548,608304,252989,22954,1592729,6934,799,145,95798,388826,19092,220980
"희귀질환",K50.8 소장 및 대장 모두의 크론병,10833599,1683163,581799,47403,6443273,30644,395,838,280517,1108150,41307,616111
"희귀질환",K74.3 원발성 담즙성 경변증,1316079,406214,155324,9464,131332,4511,1136,227,92837,340658,17321,157055
"희귀질환",K75.4 자가면역성 간염,3351097,815833,608372,29677,395258,13840,1515,942,344622,875511,50614,214913
"희귀질환",K83.0 원발성 담관염/경화성 담관염(두 상병 진단기준 모두 충족하는 경우),334349,38789,55598,3347,59323,1121,962,-,70115,54925,7943,42226
"희귀질환",L10.0 보통천포창,518432,100162,91950,8753,169268,3,314,29,36487,45376,3075,63016
"희귀질환",L10.2 낙엽천포창,280299,62178,34308,4234,109418,234,146,29,20536,32695,1362,15156
"희귀질환",L12.0 수포성 유사천포창,4766098,525953,788338,83420,427618,1802,84366,539,370884,270430,12556,2200191
"희귀질환",L12.1 양성 점막유사천포창,1041,469,65,-,12,-,-,-,287,178,-,29
"희귀질환",L12.1 흉터유사천포창,642,373,106,-,1,-,-,-,24,31,-,108
"희귀질환",L12.3 후천성 수포성 표피박리증,24725,6937,1815,58,9594,1,-,-,2793,1602,19,1906
"희귀질환",M06.1 성인발병 스틸병,1515003,349760,329321,21883,205911,3469,18825,366,58401,365739,23715,137612
"희귀질환",M08.0 류마티스인자가 있거나 없는 연소성 류마티스관절염,55726,10084,2160,214,34741,24,9,-,-,7418,601,475
"희귀질환",M08.0 연소성 류마티스관절염,262569,47551,10021,1246,133722,3278,1843,132,265,52645,3884,7982
"희귀질환",M08.1 연소성 강직척추염,12619,3219,830,-,6778,-,-,-,-,1531,79,182
"희귀질환",M08.2 전신적으로 발병된 연소성 관절염,19564,4920,2063,119,3631,116,-,5,7,7797,279,627
"희귀질환",M08.3 (혈청검사음성인) 연소성 다발관절염,4653,221,551,136,91,293,-,-,2649,247,11,453
"희귀질환",M30.0 결절성 다발동맥염,132083,41537,18355,2519,18997,0,-,-,1387,31504,3836,13948
"희귀질환",M30.1 폐침범을 동반한 다발동맥염[처그-스트라우스],691439,128798,186220,14977,61576,1730,3839,98,53384,162789,28702,49326
"희귀질환",M31.0 굿파스쳐증후군,36807,3625,6985,273,4118,-,-,-,7128,8027,1211,5440
"희귀질환",M31.1 혈전성 미세혈관병증,545403,31325,149276,4581,159834,328,14169,44,59073,86792,4376,35606
"희귀질환",M31.1 혈전성 혈소판감소성 자반,1238269,46460,179755,7219,455860,195,2538,50,255235,197081,9704,84172
"희귀질환",M31.3 괴사성 호흡기육아종증,43685,4421,16130,527,6618,263,-,-,3219,8767,2038,1703
"희귀질환",M31.3 베게너육아종증,756260,103995,146380,14634,145053,1743,10945,136,71313,169315,10203,82543
"희귀질환",M31.4 대동맥궁증후군[다까야수],591608,147016,79187,5766,13819,4595,37706,29,46055,103878,34644,118913
"희귀질환",M31.7 현미경적 다발동맥염,2607618,278190,603568,47174,473381,3705,46798,580,313731,523873,47579,269039
"희귀질환",M32.1 기관 또는 계통 침범을 동반한 전신홍반루푸스,10288240,3128335,1540740,137401,1073786,11860,70404,4358,520580,2901284,132103,767391
"희귀질환",M32.1 루푸스 심장낭염(I32.8*),126092,16239,28729,1111,9271,-,5086,160,9809,29135,2002,24550
"희귀질환",M32.1 사구체질환 동반 전신홍반루푸스(N08.5*),596966,207799,111644,17286,44532,1115,14796,143,25841,139587,6296,27927
"희귀질환",M32.1 세뇨관-간질신장병증 동반 전신홍반루푸스(N16.4*),116534,8910,29396,1866,22771,116,10,-,17905,14494,1312,19753
"희귀질환",M32.1 신장침범 동반 전신홍반루푸스(N08.5* N16.4*),1090109,314108,203809,25955,99062,995,13227,59,83273,256239,14761,78622
"희귀질환",M32.1 심내막염 동반 전신홍반루푸스(I39.8*),61581,25037,9693,504,2672,-,12,-,771,20331,1039,1520
"희귀질환",M32.1 전신홍반루푸스에서의 근병증(G73.7*),9992,8784,262,-,-,-,-,-,-,946,-,-
"희귀질환",M32.1 전신홍반루푸스에서의 뇌염(G05.8*),29877,11480,3038,1208,750,-,3500,118,203,6519,137,2923
"희귀질환",M32.1 전신홍반루푸스에서의 대뇌동맥염(I68.2*),9527,4607,802,30,154,-,-,-,104,3740,90,1
"희귀질환",M32.1 폐침범 동반 전신홍반루푸스(J99.1*),208263,84885,34743,1828,12820,272,186,-,12460,51183,2619,7268
"희귀질환",M33.0 연소성 피부근염,31987,10460,7729,546,770,-,-,96,597,10455,241,1094
"희귀질환",M33.1 기타 피부근염,3156918,465706,677044,62777,368042,14843,82727,1299,451384,702592,49136,281368
"희귀질환",M33.2 다발근염,1754043,297092,427738,29695,224839,4371,95585,279,136629,361678,24799,151337
"희귀질환",M34.0 진행성 전신경화증,2214844,1038334,235434,35242,96686,5347,2294,491,89873,502521,45563,163058
"희귀질환",M34.1 석회증 레이노현상 식도기능장애 경지증(硬指症) 모세혈관확장의 조합,5768,3360,155,13,39,-,-,-,-,1629,34,538
"희귀질환",M34.1 크레스트증후군,54328,29513,4109,159,1210,1510,-,-,1314,13852,1171,1488
"희귀질환",M34.8 근병증을 동반한 전신경화증†(G73.7*),25662,4517,9269,561,2092,-,300,-,698,3633,2163,2429
"희귀질환",M34.8 폐침범을 동반한 전신경화증†(J99.1*),584808,220341,88423,22265,22492,1131,35347,32,36053,109039,12319,37364
"희귀질환",M35.0 각막결막염을(를) 동반한 쉐그렌증후군(H19.3*),229148,118028,17942,522,2996,77,2,437,2145,69491,6792,10715
"희귀질환",M35.0 건조증후군[쉐그렌],3771491,1487696,396881,19321,190623,15871,19855,1818,187709,1118537,65236,267945
"희귀질환",M35.0 근병증을(를) 동반한 쉐그렌증후군(G73.7*),833998,298390,94015,9018,47694,3082,462,121,58882,236156,14232,71945
"희귀질환",M35.0 신세뇨관-간질성 장애을(를) 동반한 쉐그렌증후군(N16.4*),56224,18246,6313,827,3096,125,40,-,1633,16734,760,8450
"희귀질환",M35.0 폐침범을(를) 동반한 쉐그렌증후군(J99.1*),82809,36484,8268,278,1545,79,109,-,2259,24879,3467,5442
"희귀질환",M35.1 혼합결합조직병,1093205,234873,202503,13771,73750,667,17492,145,172192,255519,20043,102248
"희귀질환",M35.2 베체트병,2700850,756926,376176,51393,467398,11191,55803,1908,132288,616466,28522,202781
"희귀질환",M35.3 류마티스성 다발근통,1969086,675186,319791,14882,99458,44573,16888,212,44288,521425,40246,192138
"희귀질환",M35.4 미만성(호산구성) 근막염,5531,3431,466,3,35,-,6,-,42,1431,14,104
"희귀질환",M35.5 다초점 섬유경화증,121067,35954,16197,963,3201,-,503,-,4366,38755,2403,18723
"희귀질환",M35.6 재발성 지방층염[웨버-크리스찬],2223,685,208,-,180,-,-,-,-,1035,105,8
"희귀질환",M61.1 진행성 골화섬유형성이상,6482,1895,352,134,171,90,-,-,312,1600,368,1561
"희귀질환",M88.0 두개골의 파젯병,865,196,78,-,3,-,-,-,0,195,267,126
"희귀질환",M88.8 기타 뼈의 파젯병,7285,3153,355,143,186,-,13,294,-,1967,516,659
"희귀질환",M88.9 상세불명의 뼈의 파젯병,29268,7549,3026,134,4212,695,12,-,2865,5830,2207,2740
"희귀질환",M92.2 수근반달뼈의 골연골증(연소성)[킨뵉],142134,19610,19287,1315,6459,11418,322,-,50061,10988,6298,16376
"희귀질환",M93.1 성인의 킨뵉병,214714,26710,46685,1726,10164,13108,1795,-,62524,15523,8221,28257
"희귀질환",M94.1 재발성 다발연골염,211474,49836,47258,3182,8773,596,19,61,3560,47083,1655,49450
"희귀질환",N04.0 소사구체이상을 동반한 신증후군,11323,9800,382,-,-,-,-,-,-,920,35,186
"희귀질환",N04.0 최소변화병변을 동반한 신증후군,13614,7228,2377,260,222,-,-,-,-,3428,77,23
"희귀질환",N04.1 초점성 및 분절성 경화증을 동반한 신증후군,8265,622,19,299,5308,-,-,17,261,1738,-,-
"희귀질환",N04.1 초점성 및 분절성 사구체병변을 동반한 신증후군,9576,7140,277,-,6,-,46,-,5,2007,-,96
"희귀질환",N04.2 미만성 막성 사구체신염을 동반한 신증후군,28502,10478,3573,1515,8605,-,-,-,136,3894,82,219
"희귀질환",N04.5 막증식성 사구체신염 1형 3형 또는 NOS를 동반한 신증후군,2737,1814,184,-,32,-,-,-,-,695,9,3
"희귀질환",N04.6 막증식성 사구체신염 2형을 동반한 신증후군,695,120,176,-,-,-,-,-,-,132,9,257
"희귀질환",N04.7 미만성 반월형 사구체신염을 동반한 신증후군,40240,1119,4040,94,17974,498,29,-,10494,4535,287,1167
"희귀질환",N25.1 신장성 요붕증,2528,1173,289,31,14,-,-,-,-,995,14,11
"희귀질환",Q03.1 댄디-워커증후군,7334,1217,150,1446,24,417,-,-,56,1540,952,1532
"희귀질환",Q04.3 무뇌이랑증,3154,741,35,17,-,-,1339,-,198,716,85,21
"희귀질환",Q04.3 큰뇌이랑증,16903,4085,584,10,5,-,5081,-,11,5024,73,2030
"희귀질환",Q04.6 분열뇌증,38310,12937,1144,4296,24,-,11054,39,5,6755,116,1940
"희귀질환",Q05.2 수두증을 동반한 이분요천추,1170,372,117,2,-,-,22,-,-,657,-,-
"희귀질환",Q05.4 수두증을 동반한 상세불명의 이분척추,436,53,-,-,-,-,-,-,-,-,25,358
"희귀질환",Q05.5 수두증이 없는 이분경추,3036,806,114,3,-,-,1722,-,-,383,8,-
"희귀질환",Q05.7 이분요천추 NOS,943,151,32,-,-,-,-,-,-,244,-,516
"희귀질환",Q05.8 수두증이 없는 이분천골,968,198,8,2,-,-,-,-,26,571,121,42
"희귀질환",Q05.9 상세불명의 이분척추,299004,55067,37196,3218,8665,18155,16020,91,37117,73312,9027,41136
"희귀질환",Q06.2 척수이개증,59962,5057,15622,281,3486,2116,3652,-,9338,5090,641,14680
"희귀질환",Q07.0 아놀드-키아리증후군,251859,39609,32030,1744,9024,16692,4144,123,62413,26816,3741,55525
"희귀질환",Q17.2 소이증(小耳症),257854,38452,25146,1940,12585,19977,101,35,86096,46593,787,26143
"희귀질환",Q20.0 동맥간존속,13092,1340,215,6,8186,-,-,-,32,2723,136,454
"희귀질환",Q20.0 총동맥간,7619,1240,146,7,1470,-,-,-,327,3702,255,472
"희귀질환",Q20.1 이중출구우심실,134386,15303,4416,219,31187,2560,3344,-,32143,36926,3339,4950
"희귀질환",Q20.1 타우시그-빙증후군,10225,1756,379,15,924,-,-,-,20,6532,598,0
"희귀질환",Q20.3 대혈관의 (완전)전위,127898,21097,3703,11783,35705,280,309,65,1244,43186,4201,6325
"희귀질환",Q20.3 심실대혈관연결불일치,2084,293,63,-,-,-,-,-,-,1657,71,-
"희귀질환",Q20.4 단일심실,135211,18777,22607,1054,47076,230,3488,789,1525,31642,1621,6403
"희귀질환",Q20.5 방실연결불일치,739,372,55,-,-,-,-,-,-,302,10,-
"희귀질환",Q20.5 수정혈관전위,5232,704,439,6,66,254,52,-,1869,1201,61,580
"희귀질환",Q21.2 방실중격결손,141802,19762,7537,230,31011,1251,1332,-,18461,54530,2695,4993
"희귀질환",Q21.2 심내막융기결손,1899,764,125,0,-,-,-,-,7,886,117,-
"희귀질환",Q21.2 제1공심방중격결손(Ⅰ형),61280,11670,10800,3372,4138,299,92,-,7012,17909,1663,4326
"희귀질환",Q21.3 팔로네징후,883886,90852,109388,4938,175817,4358,10756,-,98031,260153,37112,92480
"희귀질환",Q21.3 폐동맥 협착 또는 폐쇄 대동맥의 우측위치 및 우심실비대를 동반한 심실중격결손,10832,900,1694,55,63,-,-,-,427,3706,2249,1738
"희귀질환",Q21.4 대동맥폐동맥창,1183,289,74,1,7,-,-,-,7,556,14,237
"희귀질환",Q21.8 아이젠멘거결손,94704,64416,3199,16321,246,-,-,-,1170,6172,2962,217
"희귀질환",Q22.0 폐동맥판폐쇄,150975,7681,7292,109,49422,2509,94,-,53665,27410,1438,1357
"희귀질환",Q22.4 삼첨판폐쇄,29549,2349,950,19,19154,-,-,-,113,4988,1279,697
"희귀질환",Q22.5 에브스타인이상,188785,39023,18585,543,21450,0,3165,223,4200,50601,6761,44235
"희귀질환",Q23.0 대동맥판의 선천협착,37927,8521,1143,51,960,-,167,-,68,24255,794,1968
"희귀질환",Q23.0 선천성 대동맥판협착,5049,2195,107,7,-,-,-,-,-,2676,64,-
"희귀질환",Q23.1 대동맥판의 선천성 기능부전,27222,9616,2660,67,114,-,42,-,337,10763,2122,1501
"희귀질환",Q23.1 선천성 대동맥판기능부전,16070,2905,4770,162,596,-,-,-,2569,3683,309,1077
"희귀질환",Q23.1 선천성 대동맥판역류,5237,2284,270,-,-,-,-,-,-,2414,78,192
"희귀질환",Q23.1 이첨대동맥판막,1506795,525883,216055,12169,40803,4754,17242,81,80856,409753,55170,144029
"희귀질환",Q23.2 선천성 승모판협착,9855,699,178,0,4235,-,-,-,-,4562,182,-
"희귀질환",Q23.3 선천성 승모판기능부전,34682,4170,469,20,4790,114,-,-,969,23092,731,326
"희귀질환",Q23.4 (승모판 협착 또는 폐쇄와 함께) 상행대동맥의 형성저하와 좌심실의 결손발육을 동반하는 대동맥구멍 및 판막의 폐쇄 또는 현저한 발육부전,3588,696,70,12,2732,-,-,-,29,16,32,-
"희귀질환",Q23.4 형성저하성 좌심증후군,24423,3846,388,101,10235,-,2493,-,436,6418,504,2
"희귀질환",Q23.8 대동맥판 및 승모판의 기타 선천기형,13456,7724,954,109,18,-,-,-,74,3393,427,759
"희귀질환",Q23.9 대동맥판 및 승모판의 상세불명의 선천기형,31962,3076,8101,102,3095,14,334,-,2106,12510,736,1888
"희귀질환",Q24.4 선천성 대동맥판하협착,28692,4700,1136,70,258,-,9823,-,84,5265,186,7169
"희귀질환",Q24.5 관상동맥혈관의 기형,335116,129620,30108,1927,4957,545,794,-,10030,75217,52108,29810
"희귀질환",Q24.5 선천성 관상동맥류,6523,2526,353,6,7,-,-,-,6,2279,449,898
"희귀질환",Q24.6 선천성 심장차단,6184,2352,150,2,-,-,-,-,20,3422,237,1
"희귀질환",Q25.1 대동맥의 축착,320170,41134,85119,1445,29213,1760,6834,-,31134,103142,6245,14144
"희귀질환",Q25.2 대동맥의 폐쇄,3708,863,-,6,-,-,-,-,20,2678,139,1
"희귀질환",Q25.3 대동맥의 협착,6705,4070,180,1,-,-,-,-,7,1639,117,692
"희귀질환",Q25.3 판막상부 대동맥협착,18220,3141,1915,96,5377,-,-,-,39,6279,242,1132
"희귀질환",Q25.5 폐동맥의 폐쇄,30216,2680,1525,108,13728,-,466,-,81,10295,504,829
"희귀질환",Q26.0 대정맥의 선천성 협착,223,74,-,-,-,-,-,-,150,-,-,-
"희귀질환",Q26.1 좌상대정맥존속,43570,14700,2846,66,112,1,579,-,626,17681,2910,4052
"희귀질환",Q26.2 전폐정맥결합이상,53132,8475,986,68,16322,-,1944,-,147,22859,1127,1205
"희귀질환",Q26.3 부분폐정맥결합이상,70323,8566,7074,399,3304,2707,-,-,17655,21179,1309,8130
"희귀질환",Q26.4 상세불명의 폐정맥결합이상,4851,1096,312,0,89,-,-,-,170,2590,394,200
"희귀질환",Q26.5 문맥결합이상,5966,2214,257,-,0,-,-,-,-,2681,52,762
"희귀질환",Q26.6 문맥-간동맥루,2436,920,70,2,5,-,-,-,2,1413,22,1
"희귀질환",Q44.2 담관의 폐쇄,465508,43181,87544,3154,44505,17906,2822,-,151225,99090,2217,13863
"희귀질환",Q61.1 다낭성 신장 보통염색체열성,16545,3374,1818,129,3929,-,-,-,1176,5602,134,383
"희귀질환",Q64.1 방광외반,1365,403,-,2,-,-,-,-,1,914,45,-
"희귀질환",Q74.3 선천성 다발관절만곡증,40912,7698,117,25,339,-,25192,-,2202,2999,1604,736
"희귀질환",Q75.0 두개골유합,116907,29309,2295,166,744,14991,6616,61,12540,17896,2272,30017
"희귀질환",Q75.0 삼각머리증,100,84,-,-,-,-,-,-,-,-,15,-
"희귀질환",Q75.1 두개안면골이골증,13079,2195,3029,416,-,-,6549,-,-,849,41,-
"희귀질환",Q75.1 크루존병,2664,659,12,5,8,174,-,-,55,920,75,758
"희귀질환",Q75.4 트레처-콜린스 증후군,1712,457,8,2,-,-,-,-,57,875,48,266
"희귀질환",Q77.3 점상 연골형성이상,3870,1681,325,97,15,65,7,-,1034,380,206,59
"희귀질환",Q77.4 연골무형성증,59791,7734,11794,216,3884,4172,1911,-,13896,5772,1153,9259
"희귀질환",Q77.4 연골형성저하증,72143,8650,20982,303,3556,3365,2153,-,22631,4949,1519,4034
"희귀질환",Q77.7 척추골단형성이상,79849,4080,31311,2184,1682,1799,22182,29,7913,5157,851,2661
"희귀질환",Q77.8 관상골 및 척추의 성장결손을 동반한 기타 골연골형성이상,135,68,-,-,-,-,-,-,-,-,66,-
"희귀질환",Q77.9 관상골 및 척추의 성장결손을 동반한 상세불명의 골연골형성이상,483,71,22,-,-,-,-,-,-,314,76,-
"희귀질환",Q78.0 불완전골형성,25720,5735,2652,1048,604,669,90,-,3367,7397,1628,2529
"희귀질환",Q78.1 다골성 섬유성 형성이상,61075,5165,6958,209,870,1124,1372,-,9209,3637,2169,30362
"희귀질환",Q78.1 얼브라이트(-맥쿤)(-스턴버그)증후군,4925,1320,93,-,608,-,-,-,-,2105,358,441
"희귀질환",Q78.2 골화석증,18011,1974,3723,73,2058,273,-,-,1425,5527,1130,1830
"희귀질환",Q78.4 내연골종증,13783,2386,2719,117,462,665,17,-,2525,1424,1249,2220
"희귀질환",Q78.4 마푸치증후군,117,49,-,-,-,-,-,-,-,-,68,-
"희귀질환",Q78.6 다발선천외골증,18453,2671,1712,44,3847,799,-,-,2682,1718,2854,2126
"희귀질환",Q78.6 유전성 다발외골증,3629,1426,99,-,20,278,-,-,143,448,931,282
"희귀질환",Q79.0 선천성 횡격막탈장,60261,8334,1982,596,31910,2096,609,-,3497,6736,1805,2697
"희귀질환",Q79.1 횡격막 탈출,88036,3838,11150,370,2844,3790,17419,-,21219,5381,1215,20810
"희귀질환",Q79.1 횡격막결여,1880,490,52,-,2,-,122,-,7,932,59,217
"희귀질환",Q79.1 횡격막의 기타 선천기형,14164,385,2174,57,160,560,29,-,5875,727,205,3990
"희귀질환",Q79.2 선천복벽탈장,28179,6369,528,10,10551,-,756,-,832,7984,1022,126
"희귀질환",Q79.3 복벽파열증,1856,727,166,2,-,-,-,-,7,875,79,-
"희귀질환",Q79.6 엘러스-단로스증후군,38007,7573,3671,89,1091,706,9,44,11568,6759,847,5649
"희귀질환",Q79.8 근골격계통의 기타 선천기형,2332,1026,82,9,-,-,-,-,-,1190,26,-
"희귀질환",Q79.8 근육의 결여,26,4,-,-,-,-,22,-,-,-,-,-
"희귀질환",Q79.8 선천성 협착띠,5491,1127,-,1,-,-,3220,-,563,377,203,-
"희귀질환",Q79.8 폴란드증후군,20950,1324,1680,43,462,1780,82,-,3207,1928,124,10320
"희귀질환",Q79.9 근골격계통의 상세불명의 선천기형,24191,3810,6001,410,144,606,3035,-,5522,2046,548,2069
"희귀질환",Q79.9 근골격계통의 선천이상 NOS,467,228,5,1,-,-,-,-,-,219,15,-
"희귀질환",Q80.1 X-연관비늘증,981,829,67,1,-,-,-,-,13,69,-,2
"희귀질환",Q80.1 X-연관비늘증; 스테로이드설파타제결핍,58,51,-,-,-,-,-,-,7,-,-,-
"희귀질환",Q80.4 할리퀸태아,2971,2554,88,0,105,-,-,-,-,182,42,-
"희귀질환",Q81.2 디스트로피성 수포성 표피박리증,6789,746,191,0,1,-,-,-,838,285,-,4728
"희귀질환",Q85.0 신경섬유종증(비악성),748194,57984,36490,3466,14275,18447,3833,159,423307,97385,6527,86321
"희귀질환",Q85.0 신경섬유종증(비악성) 1형 2형,476251,45753,23477,1070,9881,28947,443,210,68168,112858,12908,172535
"희귀질환",Q85.0 폰렉클링하우젠병,5553,2836,123,90,1295,-,-,-,4,94,21,1090
"희귀질환",Q85.1 결절성 경화증,311329,145786,9925,25928,2062,1305,5231,409,2352,76659,5017,36656
"희귀질환",Q85.8 스터지-베버(-디미트리) 증후군,38476,8693,805,47,2,-,13565,-,-,7269,6601,1494
"희귀질환",Q85.8 포이츠-제거스 증후군,61975,5689,13904,429,3989,1574,-,-,18322,9631,906,7532
"희귀질환",Q85.8 폰 히펠-린다우 증후군,138134,22439,9883,780,6109,4300,254,-,28408,30901,6419,28640
"희귀질환",Q87.0 골덴하 증후군,11855,3084,46,24,20,7,1855,-,-,3612,208,2999
"희귀질환",Q87.0 로빈 증후군,13827,4145,82,34,72,-,5023,-,1297,1637,426,1110
"희귀질환",Q87.0 뫼비우스 증후군,278,101,-,-,-,-,42,-,-,136,-,-
"희귀질환",Q87.0 주로 얼굴형태에 영향을 주는 선천기형증후군,11795,2754,133,0,34,-,2773,85,1044,2806,510,1656
"희귀질환",Q87.0 첨두유합지증,299,299,-,-,-,-,-,-,-,-,-,-
"희귀질환",Q87.1 누난 증후군,93326,30362,640,333,21665,252,13379,59,47,22003,1236,3349
"희귀질환",Q87.1 드 랑즈 증후군,7268,1449,207,5,18,-,3323,-,1,2174,84,7
"희귀질환",Q87.1 러셀-실버 증후군,8118,3289,169,1,3558,-,257,-,-,698,147,-
"희귀질환",Q87.1 쉐그렌-라손 증후군,6368,643,37,-,-,-,4166,-,-,390,39,1093
"희귀질환",Q87.1 프라더-윌리 증후군,183561,21399,23868,3632,18562,6,48024,579,10324,35607,1920,19642
"희귀질환",Q87.2 루빈스타인-테이비 증후군,9090,2216,912,31,68,-,3376,-,15,2325,140,7
"희귀질환",Q87.2 바테르 증후군,49982,11900,1563,56,235,509,2703,-,7887,19039,3381,2708
"희귀질환",Q87.2 손발톱무릎뼈 증후군,1343,692,58,-,-,-,-,-,-,594,-,-
"희귀질환",Q87.2 클리펠-트레노우네이-베버 증후군,69123,10752,12516,214,4076,1561,791,-,6422,12434,4612,15744
"희귀질환",Q87.2 홀트-오람 증후군,271,24,-,-,-,-,-,-,-,246,-,-
"희귀질환",Q87.3 소토스 증후군,18966,5535,128,8,16,206,10246,-,3,1990,476,359
"희귀질환",Q87.3 위버 증후군,109,109,-,-,-,-,-,-,-,-,-,-
"희귀질환",Q87.4 마르팡증후군,275025,80729,34765,2214,9281,1730,2624,403,25315,77286,6253,34424
"희귀질환",Q87.8 알포트 증후군,116031,35981,7303,6504,2095,647,-,17,26115,33261,541,3566
"희귀질환",Q87.8 촤지 증후군,18163,2852,210,8,-,-,8308,-,1656,3659,401,1069
"희귀질환",Q90.0 21삼염색체증 감수분열비분리,188458,43469,3724,1002,3708,1095,67150,131,2415,58913,2776,4074
"희귀질환",Q90.1 21삼염색체증 섞임증형(유사분열비분리),19638,4433,646,9,2,-,7337,-,62,6399,275,474
"희귀질환",Q90.2 21삼염색체증 전위,4653,1239,274,8,-,-,175,889,-,2014,52,-
"희귀질환",Q90.9 21삼염색체증 NOS,229241,57524,11470,1713,19050,3932,49042,327,7017,59320,2379,17467
"희귀질환",Q91.0 18삼염색체증 감수분열비분리,10018,1467,147,24,5267,-,1632,-,62,1295,53,73
"희귀질환",Q91.1 18삼염색체증 섞임증형(유사분열비분리),667,130,-,-,-,-,482,-,-,40,15,-
"희귀질환",Q91.5 13삼염색체증 섞임증형(유사분열비분리),46,46,-,-,-,-,-,-,-,-,-,-
"희귀질환",Q91.7 13삼염색체증후군,29,29,-,-,-,-,-,-,-,-,-,-
"희귀질환",Q93.4 5번 염색체 단완의 결손,3722,828,-,2,-,-,1062,-,1,1827,2,-
"희귀질환",Q93.4 고양이울음증후군,16282,2819,109,2,9,-,9902,-,25,2911,131,374
"희귀질환",Q93.5 스미스-마제니스 증후군,8615,938,101,53,6317,-,-,300,-,622,44,240
"희귀질환",Q93.5 엔젤만증후군,29461,6200,653,267,0,-,15842,-,1,6136,73,288
"희귀질환",Q93.5 윌리엄스 증후군,23452,4380,501,55,422,176,6535,77,22,8898,412,1975
"희귀질환",Q93.5 캐취22증후군,32878,5355,1006,29,5853,6,1721,550,277,15586,414,2080
"희귀질환",Q96.0 핵형45 X,156712,46142,3390,28,75743,-,953,128,20,26744,2232,1332
"희귀질환",Q96.1 핵형46 X동인자(Xq),91179,30266,499,95,47428,-,2304,-,0,8634,710,1242
"희귀질환",Q96.2 동인자(Xq)를 제외한 이상 성염색체를 가진 핵형46 X,85709,24303,1002,10,49985,-,890,-,-,8391,821,307
"희귀질환",Q96.3 섞임증 45 X/46 XX 또는 XY,154397,56419,2627,230,61113,-,165,275,45,20803,1412,11307
"희귀질환",Q96.4 섞임증 이상성염색체를 가진 45 X/기타 세포열,212107,56738,2993,568,110483,554,-,205,5443,27701,2134,5288
"희귀질환",Q98.0 클라인펠터증후군 핵형 47 XXY,96507,20483,13615,2797,4309,1510,6694,1116,12633,28255,1803,3292
"희귀질환",Q98.1 클라인펠터증후군 두 개 이상의 X염색체를 가진 남성,8834,1661,1523,108,140,93,2412,-,313,2287,115,183
"희귀질환",Q98.2 클라인펠터증후군 핵형 46 XX를 가진 남성,368,51,-,-,-,-,-,-,-,317,-,-
"희귀질환",Q99.2 취약X증후군,12734,3957,407,11,2496,-,4641,-,-,959,132,131
"극희귀질환",소계,9049646,1263259,1679494,166041,1386367,41672,773619,11867,860281,1668716,125840,1072489
"극희귀질환",D68.5 단백질C결핍,73750,26937,6470,590,4149,1213,1992,207,13959,10977,622,6636
"극희귀질환",D68.5 단백질S결핍,89308,35476,10036,511,1849,160,14880,15,2563,14909,2287,6624
"극희귀질환",D68.5 항트롬빈결핍,42852,16438,4626,125,4938,-,38,146,535,10906,2061,3040
"극희귀질환",D69.4 유전성 혈소판 감소증,4936,314,421,66,2353,11,-,-,918,655,50,149
"극희귀질환",E16.10 선천성 고인슐린혈증,6946,4705,162,0,-,-,-,-,9,1835,75,161
"극희귀질환",E20.1 거짓 부갑상선기능저하증,8635,4246,732,10,18,-,-,-,42,2893,133,561
"극희귀질환",E72.8 숙신알데히드 탈수소효소 결핍(증),8379,813,1880,0,-,-,4827,-,-,205,15,639
"극희귀질환",E75.2 펠리제우스-메르츠바하병,11687,1756,130,4,-,-,9479,15,-,280,23,0
"극희귀질환",E83.1+ 특발성 폐 헤모시데린증(J99.8*),746,372,114,-,-,-,-,-,-,161,86,13
"극희귀질환",E88.1 선천성 전신지방디스트로피,262,145,39,0,-,-,1,-,-,77,-,-
"극희귀질환",G04.8 라스무센 뇌염,59693,5044,11913,700,7413,17,483,-,4505,18677,2074,8867
"극희귀질환",G04.8 자가면역 뇌염,4972339,368240,1236713,112378,1086113,11296,314833,6029,416787,851594,52856,515501
"극희귀질환",G23.8 파르병,18126,3148,611,449,384,0,11249,-,7,761,7,1510
"극희귀질환",G24.8 돌발성 운동유발 이상운동,8162,5489,938,5,6,84,37,-,-,508,12,1083
"극희귀질환",G25.8 강직인간증후군,2137,1450,164,-,-,-,-,-,-,473,50,-
"극희귀질환",G47.31 하다드 증후군,390,173,-,8,-,-,-,-,127,70,10,2
"극희귀질환",G51.8 파리-롬버르그증후군,3821,1306,344,30,201,529,-,-,944,50,21,396
"극희귀질환",G72.4 봉입체 근염,56021,10833,17940,905,7746,415,2027,-,4680,6611,454,4410
"극희귀질환",G93.4 포도당 수송자 1 결핍증,9074,3183,119,403,-,-,2882,65,-,2223,18,181
"극희귀질환",H16.3 코오간증후군,6974,1385,2886,32,72,-,1,-,-,1752,54,793
"극희귀질환",H35.0 일스 병,5708,2747,210,7,15,-,-,-,256,2463,9,-
"극희귀질환",H35.52 베스트 병[노른자모양황반변성],4884,1195,62,7,-,-,-,-,6,2064,21,1530
"극희귀질환",H49.4 만성 진행성 외안근마비,7779,1299,294,32,311,327,-,-,1995,2251,10,1259
"극희귀질환",I42.80 부정맥유발성 우심실 형성이상,37384,15163,2517,50,134,0,-,-,2710,7098,1047,8666
"극희귀질환",I47.2 카테콜라민 다형성 심실성 빈맥,403,246,86,-,-,-,-,-,-,71,-,-
"극희귀질환",J39.8 섬모체 원발성 이상운동증,252754,33462,44800,17223,29538,2565,1787,44,58223,55920,1479,7714
"극희귀질환",K00.51 불완전상아질형성,861,569,161,0,2,-,-,-,-,129,-,1
"극희귀질환",Q04.2 전전뇌증(全前腦症),51901,3989,15517,2778,7658,-,4383,-,6176,9580,536,1284
"극희귀질환",Q04.3 다발미세이랑증,44036,9571,1790,559,102,-,15644,200,107,9518,267,6278
"극희귀질환",Q04.3 무뇌수두증,4291,1202,80,954,18,-,720,-,11,942,44,321
"극희귀질환",Q04.3 밀러-디커 증후군,5305,511,39,3187,-,-,-,-,1287,269,12,1
"극희귀질환",Q04.3 주버트 증후군,75957,6065,11173,302,14374,2943,26,-,25234,14050,330,1461
"극희귀질환",Q04.3 활택뇌증,17850,5157,697,260,9,-,8136,-,-,3243,60,287
"극희귀질환",Q14.1 X-연관 연소성 망막분리,21866,7565,448,50,33,-,40,-,303,11069,109,2248
"극희귀질환",Q14.2 나팔꽃 증후군,22743,4412,1399,85,189,386,18,-,1005,6706,104,8439
"극희귀질환",Q28.2 와이번메이슨증후군,840,487,18,27,21,-,-,-,85,180,15,6
"극희귀질환",Q43.8 선천성단장증후군,34236,2746,210,24,19686,-,156,48,7839,3274,237,15
"극희귀질환",Q44.7 알라질증후군,20764,4387,856,41,6744,-,23,33,84,8062,151,383
"극희귀질환",Q74.0 쇄골두개골이골증,1480,589,75,0,2,-,-,-,2,581,164,66
"극희귀질환",Q74.8 라르센 증후군,659,208,-,1,-,-,-,-,-,419,31,-
"극희귀질환",Q76.1 클리펠-파일증후군,3328,1971,482,41,-,-,56,-,6,236,267,270
"극희귀질환",Q77.3 다발성 골단 형성이상,20034,2573,4667,230,459,294,1201,-,6914,1252,1031,1412
"극희귀질환",Q77.8 레리-웨일 증후군,4906,538,8,3,3947,-,-,-,-,277,134,-
"극희귀질환",Q78.5 골간단연골형성이상 슈미드형,1609,971,74,-,-,-,-,129,40,314,82,-
"극희귀질환",Q80.3 선천성 수포성 비늘모양홍색피부증,751,563,187,-,-,-,-,-,-,-,-,-
"극희귀질환",Q81.0 단순 수포성 표피박리증,702,323,72,1,-,-,42,-,256,7,-,-
"극희귀질환",Q82.0 유전성 림프부종,11209,1043,408,4,73,478,1936,-,6081,330,-,856
"극희귀질환",Q82.3 색소실조증,8157,4430,362,5,6,-,2165,-,-,1063,24,102
"극희귀질환",Q82.4 (무한성) 외배엽형성이상,5959,4458,691,0,8,-,3,77,109,521,91,1
"극희귀질환",Q87.0 가부키 증후군,49573,10659,691,11,217,173,19733,-,449,7508,331,9801
"극희귀질환",Q87.0 야콥센 증후군(11장완 말단부 결손 증후군),7104,1905,135,5,-,-,3190,-,-,855,54,959
"극희귀질환",Q87.1 굴지 형성이상,2446,1272,207,6,-,-,25,-,298,361,146,130
"극희귀질환",Q87.3 베크위트-비데만 증후군,13515,3211,1708,25,274,402,404,115,725,5982,391,277
"극희귀질환",Q87.5 코핀-로우리 증후군,44707,1386,46,897,70,-,13311,-,10307,2733,140,15818
"극희귀질환",Q87.8 아가미-귀-신장 증후군,1631,819,199,0,2,-,2,-,-,408,-,201
"극희귀질환",Q87.8 알스트롬 증후군,2369,600,123,-,-,-,1613,-,-,32,-,-
"극희귀질환",Q87.8 펠란-맥더미드 증후군(22장완 13.3 결손 증후군),54416,5167,401,857,40,209,24146,910,20,3603,153,18910
"극희귀질환",Q92.3 15장완11-13 미세중복 증후군,22933,2104,124,12,24,-,12488,-,24,1415,58,6685
"극희귀질환",Q92.3 7장완11.23 미세중복 증후군,3419,837,164,0,-,-,1934,-,-,467,11,6
"극희귀질환",Q92.3 포토키-룹스키 증후군,15188,3452,244,2,2,-,8077,-,6,1789,40,1576
"극희귀질환",Q92.8 20번 염색체 단완의 삼염색체증,33450,2141,9231,205,5553,173,1423,-,3221,10074,220,1210
"극희귀질환",Q93.2 15장완 사염색체(증)(쌍중심절 15번 염색체 증후군),7005,2756,131,4,1247,-,343,-,16,1900,67,542
"극희귀질환",Q93.3 4 단완 염색체 부분 결손,267,107,-,8,151,-,-,-,-,-,-,1
"극희귀질환",Q93.3 월프-허쉬호른증후군,28711,1577,149,1,-,-,15211,-,7,1889,114,9763
"극희귀질환",Q93.5 15 장완13.3 미세결손 증후군,51516,982,-,-,-,-,23223,-,-,251,26,27034
"극희귀질환",Q93.5 18 단완 염색체 결손,489,226,36,-,-,-,-,-,-,228,-,-
"극희귀질환",Q93.5 18장완 말단부 결손 증후군,6686,922,45,-,-,-,4981,-,-,737,-,1
"극희귀질환",Q93.5 18장완단일염색체증,2377,1049,166,-,-,-,286,-,19,850,7,-
"극희귀질환",Q93.5 1단완36 미세결손증후군,24500,5567,425,107,97,-,8676,-,1,6077,121,3429
"극희귀질환",Q93.5 2장완37 미세결손 증후군,199,77,-,-,-,-,-,-,-,108,14,-
"극희귀질환",Q93.5 3 장완29 미세결손 증후군,268,71,15,-,-,-,-,-,-,182,-,-
"극희귀질환",Q99.8 팰리스터-킬리언 증후군,2893,498,7,-,-,-,1397,-,-,966,12,13
"극희귀질환",Q93.5 5번 염색체 장완 31.3 부분의 미세결손으로 인한 PURA 관련 신경발달 장애,36706,1286,134,3,-,-,19150,-,51,806,33,15243
"극희귀질환",Q92.3 10장완 말단 삼염색체 증후군,4444,678,112,2,-,-,2654,-,22,956,21,-
"극희귀질환",Q93.5 15장완11.2 미세결손 증후군,13761,2311,225,-,-,-,4871,204,7,760,25,5360
"극희귀질환",G24.1 ADCY5 관련 이상운동증,7207,1596,228,259,671,-,3485,543,-,400,24,-
"극희귀질환",Q89.7 ARC 증후군,4003,1275,136,261,-,-,-,-,-,1899,431,-
"극희귀질환",사례별로 뇌병증에 대해 적용 ATP1A3 관련 뇌병증,78,78,-,-,-,-,-,-,-,-,-,-
"극희귀질환",사례별 진단내용에 따라 적용 CASK 관련 장애,27612,4330,431,6,26,171,17894,-,51,3299,89,1315
"극희귀질환",사례별 진단내용에 따라 적용 CTNNB1 관련 장애,16693,2326,294,6,7,-,12172,-,74,1355,103,355
"극희귀질환",N25.8 Dent 질환,4652,1332,212,-,2,-,12,-,13,2833,79,169
"극희귀질환",증후군의 질병분류 지침적용 DYRK1A 증후군,23047,4985,398,20,16,-,11660,542,54,4635,102,635
"극희귀질환",Q04.8 FLNA 관련 뇌실주위 결절성 이소증,1616,212,-,3,7,-,45,-,-,363,-,986
"극희귀질환",G93.4 GNAO1 뇌병증,19190,1710,26,565,-,-,15294,-,739,587,210,59
"극희귀질환",사례별 진단내용에 따라 적용 GNB1 관련 장애,9480,1240,161,42,4,-,7414,170,-,446,-,3
"극희귀질환",증후군의 질병분류 지침적용 Hoyeraal-Hreidarsson 증후군,2141,285,53,-,-,-,-,-,-,1663,-,140
"극희귀질환",증후군의 질병분류 지침적용 KAT6B 관련 증후군,12762,1863,244,6,15,-,6305,-,36,3484,158,651
"극희귀질환",G60.8 KIF1A 유전자 돌연변이에 의한 신경병증,8220,885,73,-,-,-,7180,-,-,66,16,-
"극희귀질환",증후군의 질병분류 지침적용 L1 증후군,2787,605,41,4,12,153,1301,-,45,136,10,479
"극희귀질환",증후군의 질병분류 지침적용 MEF2C 관련 증후군,5236,835,104,1,-,-,3956,-,178,131,32,-
"극희귀질환",진단내용에 따라 사례별로 적용 NALCN 관련 장애,2531,853,107,10,29,-,126,-,1,1364,39,1
"극희귀질환",G40.3 PCDH 19 관련 뇌전증 증후군,1046,654,38,-,-,-,-,-,1,354,-,-
"극희귀질환",사례별 진단내용에 따라 적용 POU3F3 관련 장애 (Snijders Blok-Fisher 증후군),21981,703,8,3,-,-,11552,-,36,927,41,8710
"극희귀질환",진단된 종양코드 PTEN 과오종 종양 증후군,32215,5483,3494,285,659,978,332,138,4848,9814,410,5775
"극희귀질환",D84.8 Q77.7 Schimke 면역-골 형성이상,214,111,-,-,-,-,-,-,-,103,-,-
"극희귀질환",Q13.1 그 외 진단 WAGR 증후군(11번 염색체 단완의 13부분 결손),1512,806,82,-,11,141,-,59,2,61,10,340
"극희귀질환",D82.3 X-연관 세포사멸사 억제인자 결핍,2150,662,162,-,374,-,-,-,10,940,-,2
"극희귀질환",Q87.0 X연관 정신지체-저긴장성 얼굴증후군,289,214,36,-,-,-,-,-,-,38,-,-
"극희귀질환",증후군의 질병분류 지침적용 거대뇌증-모세혈관 기형-다발미세이랑 증후군,26,26,-,-,-,-,-,-,-,-,-,-
"극희귀질환",증후군의 질병분류 지침적용 거대방광-미세결장-장연동저하 증후군(MMIHS),106856,44832,301,100,42642,-,-,-,3910,12543,290,2239
"극희귀질환",증후군의 질병분류 지침적용 고린증후군,2503,883,150,2,1,-,-,-,11,229,160,1067
"극희귀질환",M89.5 고함-스타우트 병,70577,8522,11791,593,4862,1722,19,264,8323,15884,10767,7829
"극희귀질환",Q93.5 글라스증후군,12,12,-,0,-,-,-,-,-,-,-,-
"극희귀질환",E74.0 다논 병,3598,1783,143,17,7,-,1,-,4,1219,14,409
"극희귀질환",N04.1 데니스-드래쉬 증후군,2737,184,-,49,1664,-,-,-,-,829,11,-
"극희귀질환",E78.0 동형접합 가족성 고콜레스테롤혈증,5725,1598,227,1,3377,-,-,133,-,389,-,-
"극희귀질환",Q78.8 드뷔쿠아 형성이상,1124,285,6,-,-,-,748,-,7,78,-,-
"극희귀질환",Q87.3 라만 증후군[태튼-브라운-라만 증후군],4430,909,22,-,-,-,3045,-,-,406,48,-
"극희귀질환",Q87.5 랑거 기드온 증후군,894,403,38,-,-,-,289,-,-,41,123,-
"극희귀질환",H47.0 Z82.7 레베르 유전성 시신경병증,27983,7788,4487,41,1094,21,281,946,13,9611,105,3596
"극희귀질환",Q87.8 로이-디에츠 증후군,6804,1927,350,5,-,-,6,-,6,2170,277,2064
"극희귀질환",E66.2 E23.3 로하드 증후군,4601,1524,303,248,1305,18,61,-,10,1096,34,1
"극희귀질환",Q87.3 루스칸-루미쉬 증후군,957,581,100,-,-,-,-,77,7,152,39,1
"극희귀질환",1형: Q51.0 Q52.0 2형: Q51.0 Q52.0 동반기형 마이어 로키탄스키 쿠스터 하우저 증후군,28362,4741,4789,137,3313,1357,33,-,7757,3916,124,2195
"극희귀질환",질병의 특성상 다양한 장기에 다양한 병변이 발생되는 질환으로 진단을 통해 확인된 병태에 따라 KCD 부호를 달리 부여 면역글로블린 G4 관련 질환,1040575,312012,141979,8254,36027,6184,7095,135,84127,267269,30861,146631
"극희귀질환",Q80.8 Q84.0 H53.13 모낭성비늘증-탈모증-눈부심 증후군,1627,997,179,3,-,-,247,-,-,190,11,-
"극희귀질환",Q87.8 모왓-윌슨 증후군,2689,1733,94,11,-,-,337,-,-,490,24,-
"극희귀질환",G60.0 무한증을 동반한 선천성 통증 무감각증,2141,827,68,0,19,-,-,15,92,1020,100,1
"극희귀질환",Q33.8 미만성 폐림프관종증,1552,372,21,-,6,29,-,-,81,523,48,472
"극희귀질환",Q87.8 미세증후군 [와버그 미세증후군],3492,1191,90,8,-,-,1583,-,-,515,106,-
"극희귀질환",Q87.0 바라이서-윈터증후군,3822,447,118,0,3012,-,-,-,-,218,26,-
"극희귀질환",사례별 진단내용에 따라 적용 발달지연을 동반한 TRAF7 관련 심장 안면 말단 기형,5521,1443,253,1,-,-,3647,-,-,160,13,4
"극희귀질환",Q87.0 베인브릿지-로퍼스 증후군,5788,680,5,-,-,-,3441,-,-,1631,31,-
"극희귀질환",G23.0 베타-프로펠러 단백질 연관 신경변성,2445,325,-,570,-,-,1521,-,-,30,-,-
"극희귀질환",Q87.8 보링-오피츠 증후군,3476,700,46,119,8,-,1351,-,14,888,15,336
"극희귀질환",H47.2 진단된 발달지연 지적장애 질환 보쉬-분스트라-샤프 시신경위축 증후군,1707,452,70,1,-,-,907,-,-,262,15,-
"극희귀질환",증후군의 질병분류 지침적용 볼프람 증후군,3318,1681,118,3,-,-,-,-,-,1342,-,173
"극희귀질환",E20.8 H90.3-H90.5 사례별 동반 신장질환 부갑상선기능저하증-감각신경성 난청- 신장 질환 (HDR) 증후군,2311,921,252,0,16,-,3,-,15,1093,9,0
"극희귀질환",증후군의 질병분류 지침적용 블라우 증후군,2425,615,26,91,20,-,-,-,4,1583,33,53
"극희귀질환",Q87.8 비데만-스타이너 증후군,2983,803,127,0,-,-,702,-,-,1232,74,45
"극희귀질환",증후군의 질병분류 지침적용 빌트-호그-두베증후군,19876,5138,4759,508,790,74,44,122,58,4439,553,3391
"극희귀질환",증후군의 질병분류 지침적용 샤프-양 증후군,10033,1521,140,0,-,-,7768,-,6,371,228,-
"극희귀질환",E23.0 선천성 뇌하수체 기능저하,586,179,92,-,-,-,-,-,-,293,22,-
"극희귀질환",E77.8 선천성 당화장애,3812,1040,183,281,10,-,112,-,-,2064,11,111
"극희귀질환",D69.4 선천성 무거핵구성 혈소판감소증,22446,1759,1825,172,11911,90,-,-,115,3433,34,3105
"극희귀질환",Q76.3-Q76.4 선천성 반척추,11295,3293,352,0,3,-,4239,-,75,1485,463,1385
"극희귀질환",Q87.8 선천성 심장결손 이상형태성 얼굴 특징 및 지적발달장애,2922,470,-,-,-,-,2173,-,-,278,-,-
"극희귀질환",E87.1 E87.8 선천성 염화물 설사,5672,3280,843,8,61,-,-,-,4,1348,34,93
"극희귀질환",G47.31 선천성 중추성 무호흡증,6962,1856,284,827,43,-,1734,17,122,1783,153,142
"극희귀질환",Q87.1 소두증 골형성이상 원시성 난쟁이증 유형2,232,181,19,-,-,-,-,-,-,18,14,-
"극희귀질환",Q87.8 쉬프린첸-골드베르그 증후군,607,214,47,-,-,-,-,-,-,346,-,-
"극희귀질환",Q87.0 쉰젤 기드온 증후군,282,141,58,-,-,-,-,-,-,83,-,-
"극희귀질환",Q45.3 D61.0 슈바크만-다이아몬드 증후군,15891,6554,38,313,2633,-,3158,-,-,3096,89,10
"극희귀질환",Q87.0 스미스-킹스모어 증후군,5356,3755,160,-,-,-,990,-,-,363,88,-
"극희귀질환",Q87.0 스티클러 증후군,21994,5272,1471,68,376,1291,8,-,7080,4419,988,1020
"극희귀질환",E75.2 아동기 저수초형성 운동실조,265,193,38,-,-,-,-,-,-,34,-,-
"극희귀질환",E31.0 K63.8 M35.8 아이펙스 증후군,788,527,25,-,-,-,-,-,-,235,-,-
"극희귀질환",D18.1 M9170/0 안와 림프관종,1736,441,106,-,7,176,-,-,22,285,-,698
"극희귀질환",E75.2 알렉산더 병,34445,4982,3948,335,1296,260,-,-,4576,2541,196,16311
"극희귀질환",Q87.0 앤틀리-빅슬러 증후군,510,83,-,-,-,-,-,-,-,426,-,-
"극희귀질환",D76.3 에드하임-체스터 병,151842,16079,18572,1690,9493,1265,6,46,6985,27755,1742,68209
"극희귀질환",Q92.6 엠마누엘 증후군,1573,815,54,2,-,-,-,-,-,662,39,-
"극희귀질환",G11.1 우발적 운동실조 유형 2,3446,789,346,0,46,4,-,15,-,1628,10,608
"극희귀질환",K86.1 유전성 만성 췌장염,78835,12913,12636,1985,5136,296,10,29,23650,12748,966,8468
"극희귀질환",증후군의 질병분류 지침적용 윤활막염-여드름-농포증-골염 증후군,13504,8645,967,0,208,-,19,-,58,3271,46,290
"극희귀질환",I89.0 장림프관확장증,164333,10627,32077,820,39026,1920,251,-,37645,25347,2793,13829
"극희귀질환",Q87.5 젤레오피직 골이형성증,154,143,10,1,-,-,-,-,-,-,-,-
"극희귀질환",I67.7 중추신경계통의 원발성 혈관염,23124,4138,7765,1930,612,-,2373,-,1641,799,16,3850
"극희귀질환",Q87.8 지아-깁스 증후군,33417,1077,1612,89,334,1547,5093,-,7563,1363,41,14697
"극희귀질환",Q63.8 N15.8 N25.8 E83.4 E87.6 지텔만 증후군,19590,8551,2215,278,433,-,1298,88,48,5917,66,698
"극희귀질환",E75.2 축삭 회전타원체 및 색소침착된 아교세포를 동반한 성인-발병 백질뇌병증(ALSP),7237,1120,517,22,1,-,4263,-,-,325,10,979
"극희귀질환",G11.9 치상핵적핵담창구시상하핵 위축증,3809,2782,253,-,-,-,71,-,25,89,44,545
"극희귀질환",증후군의 질병분류 지침적용 카라실 증후군,3696,2487,222,3,-,-,-,-,-,585,-,399
"극희귀질환",신생물 부호 D69.5 카사바흐-메리트 증후군,2237,614,194,5,77,-,-,-,-,1336,11,-
"극희귀질환",Q87.0 케이비지 증후군,7516,2365,208,112,-,-,1445,145,7,1849,44,1341
"극희귀질환",Q87.8 코스텔로 증후군,1130,529,101,2,-,-,-,-,-,355,-,142
"극희귀질환",Q87.5 코핀-시리스 증후군,52145,10691,762,28,1174,1,26874,66,289,8835,684,2742
"극희귀질환",Q87.8 코헨 증후군,3528,1670,62,1,318,141,572,-,12,333,87,332
"극희귀질환",Q42.3 Q76.4 큐라리노 증후군,485,291,30,1,-,-,6,-,-,146,11,-
"극희귀질환",M35.8 크라이오피린 연관 주기 (발열) 증후군,12821,1736,4245,82,1792,-,-,15,704,3930,238,81
"극희귀질환",K31.3 K63.5 K63.8 크론카이드-카나다 증후군,19212,6301,1586,49,983,-,-,-,2197,6222,568,1306
"극희귀질환",Q93.5 클리프스트라 증후군,3959,1132,84,1,-,-,1626,-,-,826,290,-
"극희귀질환",Q87.8 템플 증후군,5749,4713,64,-,598,-,-,-,-,352,21,-
"극희귀질환",Q04.3 튜블린병증,12015,1532,-,-,-,-,9379,-,-,1093,12,-
"극희귀질환",J84.18 특발성 흉막실질 탄력섬유증,47638,10917,7500,311,3168,981,6,-,10128,6171,683,7774
"극희귀질환",D18.08 M9131/0 폐의 모세관성 혈관종증,389,119,-,-,-,-,-,-,-,149,9,112
"극희귀질환",E88.8 푸마라제 결핍(증),57,46,-,-,-,-,-,-,-,-,11,-
"극희귀질환",Q87.8 플로우팅 하버 증후군,569,192,-,-,-,-,-,66,-,303,8,-
"극희귀질환",Q87.8 피트 홉킨스 증후군,14821,2587,218,7,-,-,9782,-,-,2032,53,142
"극희귀질환",Q87.8 헤임러 증후군,726,361,37,-,-,1,71,-,183,28,46,-
"극희귀질환",Q16.5 확대된 전정수도관 증후군,151489,10623,1954,148,384,1178,8,-,67646,46578,155,22815
"기타염색체이상질환",소계,167335,34329,3437,2328,3216,-,90221,1103,736,28538,1809,1619
"기타염색체이상질환",Q93.5 1번 염색체 단완 31-32 부분의 미세결손,5244,1653,227,2,-,-,2794,-,6,561,-,2
"기타염색체이상질환",Q92.3 1번 염색체 장완 21.1 부분의 중복 증후군,321,227,5,9,-,-,-,-,-,60,20,-
"기타염색체이상질환",Q93.5 1번 염색체 장완 21.3 부분의 미세결손 증후군,2875,792,39,0,-,-,1799,-,-,245,-,-
"기타염색체이상질환",Q93.5 1번 염색체 장완 44부분의 미세결손 증후군,14014,1652,-,726,-,-,10138,-,-,1443,55,-
"기타염색체이상질환",Q93.5 1번 염색체 장완의 21.1 부분의 미세결손 증후군,47,14,33,-,-,-,-,-,-,-,-,-
"기타염색체이상질환",Q93.5 2번 염색체 단완 결손,2786,633,158,3,829,-,406,48,-,620,89,0
"기타염색체이상질환",Q93.5 2번 염색체 장완의 31-33 부분의 미세결손,3766,1511,199,1,-,-,-,371,-,1648,36,-
"기타염색체이상질환",Q93.5 3번 염색체 단완의 결손,7169,1843,189,1,-,-,3152,-,-,1581,23,379
"기타염색체이상질환",Q92.3 3번 염색체 장완 26 부분의 중복,1956,98,-,1308,-,-,-,-,-,549,-,-
"기타염색체이상질환",Q93.5 3번 염색체 장완의 13.31 부분의 미세 결손 증후군,1505,294,22,0,-,-,722,-,8,341,90,26
"기타염색체이상질환",Q93.5 4번 염색체 장완의 21 부분의 미세결손 증후군,2677,351,8,-,-,-,1864,116,-,320,17,0
"기타염색체이상질환",Q93.5 5번 염색체 장완 14.3 부분의 미세결손 증후군,9736,1192,65,7,-,-,7025,-,-,1317,129,-
"기타염색체이상질환",Q93.5 6번 염색체 단완 22 부분의 미세결손 증후군,1023,226,-,-,-,-,721,-,-,42,34,-
"기타염색체이상질환",Q93.5 6번 염색체 단완 25 부분의 결손,567,196,5,173,-,-,-,173,-,20,-,-
"기타염색체이상질환",Q93.5 6번 염색체 장완 26 부분의 미세결손 증후군,7719,1088,14,7,-,-,4903,-,125,1281,11,289
"기타염색체이상질환",Q93.5 7번 염색체 장완 36 부분의 미세결손 증후군,9674,2438,296,11,3,-,5225,-,115,992,405,189
"기타염색체이상질환",Q93.5 8단완단일염색체증,13061,2818,54,6,-,-,9467,-,-,667,49,0
"기타염색체이상질환",Q92.1 8번 삼염색체 섞임증,8093,2426,628,14,32,-,2539,-,258,2036,141,21
"기타염색체이상질환",Q93.5 9번 염색체 단완의 결손,9247,1477,133,7,-,-,6476,-,129,994,27,4
"기타염색체이상질환",Q92.2 9번 염색체 단완의 중복,995,679,124,-,-,-,-,65,-,48,79,1
"기타염색체이상질환",Q93.5 10번 염색체 장완 말단부의 단일염색체증,113,84,8,22,-,-,-,-,-,-,-,-
"기타염색체이상질환",Q92.3 11번 염색체 장완의 말단부 삼염색체증,12903,3475,262,15,2253,-,3479,-,13,3278,38,89
"기타염색체이상질환",Q92.3 12번 염색체 단완 13 부분의 미세중복,2839,535,79,0,-,-,1765,-,37,345,75,1
"기타염색체이상질환",Q93.5 13번 염색체 장완 21-22 부분의 결손,6952,993,22,1,-,-,4165,299,15,1337,49,71
"기타염색체이상질환",Q93.5 13번 염색체 장완의 말단부 단일염색체증,8975,1125,79,0,-,-,7463,-,-,307,-,1
"기타염색체이상질환",Q93.5 13번 염색체 장완의 부분 결손,448,287,63,0,-,-,-,-,-,89,9,-
"기타염색체이상질환",Q93.2 15번 고리모양 염색체,3754,586,50,1,-,-,3105,-,-,10,-,2
"기타염색체이상질환",Q93.5 16번 염색체 단완의 11-12 부분의 미세결손 증후군,13753,3195,334,4,99,-,6759,-,-,2986,231,143
"기타염색체이상질환",Q93.5 16번 염색체 단완의 결손,326,271,55,-,-,-,-,-,-,-,-,-
"기타염색체이상질환",Q93.2 18번 고리모양 염색체,492,211,93,-,-,-,-,30,-,157,-,-
"기타염색체이상질환",Q92.7 18번 염색체 단완의 사염색체증,7104,903,159,7,-,-,1341,-,28,4466,181,18
"기타염색체이상질환",Q99.8 X 염색체장완의 28부분의 중복 증후군,5423,547,17,-,-,-,4462,-,-,398,-,-
"기타염색체이상질환",Q93.7 재조합 8번 염색체 증후군,1780,510,15,1,-,-,448,-,-,400,21,383
